licenseno,name,address_city,address_street,address_pin,contactno
14-007-8443,Feeney-Veum,Alangilanan,Stang,658527,+91+915-875-0528
38-415-1761,"Bergstrom, Gibson and Kertzmann",Beahan Group,Larson-Kunze,911780,+91625-450-3868
40-222-8366,Swaniawski Group,Bonik,Marcy,440103,+91+621-332-8328
81-714-8634,Wolff LLC,Burgaltay,Sherman,774385,+91+976-726-6342
16-048-6984,Bartoletti and Sons,Chaguaní,Marquette,433053,+91+653-416-5034
22-109-0217,Funk LLC,Chongxing,Burrows,478054,+91+658-260-7354
23-596-2533,"Runolfsdottir, Kub and Romaguera",Conroy Inc,"Schaefer, Johns and Dicki",513970,+91693-434-2209
25-365-0510,"Kassulke, Hyatt and Quitzon",Courbevoie,Stoughton,696168,+91+862-128-3550
50-373-5261,"Bechtelar, Halvorson and Cummings",Donabate,Lighthouse Bay,317232,+91+898-472-7073
42-584-8102,Prohaska-Schowalter,Dongfeng,Northridge,513970,+91+667-973-8660
66-377-2401,Smith-Skiles,Esperanza,Red Cloud,112327,+91+869-344-8813
33-377-2393,"Runolfsson, Mitchell and Abernathy",Famagusta,East,626847,+91+859-654-8601
84-493-6658,Runolfsdottir and Sons,Gongbuxue,Ramsey,875256,+91+414-222-4195
93-745-9919,Considine-Kerluke,Hudson,Flatley-Gutkowski,626847,+91306-358-6012
43-402-5815,Bashirian-Kozey,Kimanuit,Oneill,382708,+91+764-812-8381
26-164-4868,Schaden LLC,Klocko and Sons,Hintz Group,389850,+91691-700-9451
67-495-9355,Luettgen LLC,Länsi-Turunmaa,6th,466776,+91+858-344-2868
56-872-2289,Boehm-Sawayn,Leuschke-Keebler,"Koepp, Carroll and Ankunding",328676,+91789-109-0196
39-479-6076,"Sauer, Greenholt and Streich",Mitchell,"White, Ward and Schimmel",344236,+91405-534-8621
68-892-4185,Boyer-Huel,Nitzsche,Kulas-Murray,774385,+91883-980-2208
47-058-9208,Ankunding-Collins,Now Zād,West,911780,+91+582-830-9081
09-242-1632,Kautzer-Hane,OKeefe-Ernser,"Smitham, Sipes and Shanahan",317232,+91295-380-8434
76-109-4735,"Kessler, Ledner and Batz",OKon Group,Osinski-Greenfelder,626847,+91793-834-0511
12-256-1833,Mosciski-Wolf,Palaiochóri,Messerschmidt,509984,+91+717-208-7328
81-397-4419,Kunze and Sons,Pangawaren,Center,328676,+91+500-975-2328
64-394-5097,Kemmer Inc,Pas Pul,Montana,597441,+91+544-527-1920
49-026-3436,Rolfson and Sons,Pasembon,Arapahoe,389850,+91+182-997-0175
15-101-3481,Erdman-Rosenbaum,Pingpo,Village Green,389850,+91+775-357-6308
46-489-1954,"Walter, Koelpin and Mante",Rapas,Hoffman,542390,+91+894-694-5577
88-450-7083,Volkman Inc,Rempel,Sipes LLC,875256,+91244-945-1736
03-919-8670,Fritsch-Braun,Rodriguez and Sons,Becker Group,382708,+91637-961-6803
85-060-1831,Quitzon Group,Rolfson-Maggio,"Heidenreich, VonRueden and Olson",597441,+91187-204-9360
69-050-6143,Morissette and Sons,Schuppe Inc,Feeney and Sons,339201,+91403-373-4179
40-575-7396,"Huel, Rippin and Robel",Shimeitang,Portage,639852,+91+612-187-1014
45-787-0218,Kilback-Shields,Sobreda,Del Sol,344236,+91+595-486-0329
49-200-6986,"Kirlin, Ritchie and Bailey",Sosándra,Village,875256,+91+433-732-5280
81-005-6475,Bauch and Sons,Staraya Kulatka,Delladonna,127772,+91+343-152-7209
36-009-5320,Nicolas and Sons,Temyasovo,Westend,478054,+91+345-807-9028
93-628-6443,Jakubowski Inc,Tonga,Fordem,626847,+91+340-802-9971
34-643-7060,Will LLC,Tremblay,Lueilwitz-Fadel,478054,+91123-168-9411
36-558-6226,"Ferry, Bergnaum and Schuppe",Veum-Kozey,Heller and Sons,875256,+91948-908-4210
80-296-1094,Ryan Group,Vilque,Sunbrook,613578,+91+694-622-1938
67-697-8047,Ebert LLC,Wangge’ertang,Kingsford,893350,+91+412-175-7877
20-621-7488,Fay-Orn,Xinzhuang,Eastlawn,339201,+91+191-802-3838
24-563-7453,Ferry-Jerde,Yingwusitang,Steensland,337232,+91+502-972-6437
